CODTOUR,DATETOUR,JOUR,NBEXP
A001,15-10-2020,JEUDI,167
A001,16-10-2020,VENDREDI,201
A001,17-10-2020,SAMEDI,180
A001,18-10-2020,DIMANCHE,163
A001,19-10-2020,LUNDI,163
A001,20-10-2020,MARDI,166
A001,21-10-2020,MERCREDI,166
A003,15-10-2020,JEUDI,122
A003,16-10-2020,VENDREDI,133
A003,17-10-2020,SAMEDI,135
A003,18-10-2020,DIMANCHE,128
A003,19-10-2020,LUNDI,119
A003,20-10-2020,MARDI,121
A003,21-10-2020,MERCREDI,121
A004,15-10-2020,JEUDI,126
A004,16-10-2020,VENDREDI,138
A004,17-10-2020,SAMEDI,144
A004,18-10-2020,DIMANCHE,141
A004,19-10-2020,LUNDI,124
A004,20-10-2020,MARDI,126
A004,21-10-2020,MERCREDI,125
A005,15-10-2020,JEUDI,171
A005,16-10-2020,VENDREDI,185
A005,17-10-2020,SAMEDI,188
A005,18-10-2020,DIMANCHE,186
A005,19-10-2020,LUNDI,169
A005,20-10-2020,MARDI,169
A005,21-10-2020,MERCREDI,169
A006,15-10-2020,JEUDI,229
A006,16-10-2020,VENDREDI,249
A006,17-10-2020,SAMEDI,242
A006,18-10-2020,DIMANCHE,237
A006,19-10-2020,LUNDI,228
A006,20-10-2020,MARDI,231
A006,21-10-2020,MERCREDI,231
A007,15-10-2020,JEUDI,119
A007,16-10-2020,VENDREDI,145
A007,17-10-2020,SAMEDI,140
A007,18-10-2020,DIMANCHE,134
A007,19-10-2020,LUNDI,120
A007,20-10-2020,MARDI,121
A007,21-10-2020,MERCREDI,121
A008,15-10-2020,JEUDI,100
A008,16-10-2020,VENDREDI,106
A008,17-10-2020,SAMEDI,108
A008,18-10-2020,DIMANCHE,104
A008,19-10-2020,LUNDI,98
A008,20-10-2020,MARDI,100
A008,21-10-2020,MERCREDI,100
A012,15-10-2020,JEUDI,113
A012,16-10-2020,VENDREDI,124
A012,17-10-2020,SAMEDI,127
A012,18-10-2020,DIMANCHE,121
A012,19-10-2020,LUNDI,111
A012,20-10-2020,MARDI,112
A012,21-10-2020,MERCREDI,111
A013,15-10-2020,JEUDI,157
A013,16-10-2020,VENDREDI,168
A013,17-10-2020,SAMEDI,164
A013,18-10-2020,DIMANCHE,133
A013,19-10-2020,LUNDI,153
A013,20-10-2020,MARDI,157
A013,21-10-2020,MERCREDI,157
A014,15-10-2020,JEUDI,100
A014,16-10-2020,VENDREDI,109
A014,17-10-2020,SAMEDI,101
A014,18-10-2020,DIMANCHE,88
A014,19-10-2020,LUNDI,96
A014,20-10-2020,MARDI,99
A014,21-10-2020,MERCREDI,99
A015,15-10-2020,JEUDI,219
A015,16-10-2020,VENDREDI,243
A015,17-10-2020,SAMEDI,231
A015,18-10-2020,DIMANCHE,210
A015,19-10-2020,LUNDI,215
A015,20-10-2020,MARDI,221
A015,21-10-2020,MERCREDI,221
A017,15-10-2020,JEUDI,141
A017,16-10-2020,VENDREDI,146
A017,17-10-2020,SAMEDI,139
A017,18-10-2020,DIMANCHE,130
A017,19-10-2020,LUNDI,137
A017,20-10-2020,MARDI,140
A017,21-10-2020,MERCREDI,140
A018,15-10-2020,JEUDI,284
A018,16-10-2020,VENDREDI,300
A018,17-10-2020,SAMEDI,306
A018,18-10-2020,DIMANCHE,288
A018,19-10-2020,LUNDI,283
A018,20-10-2020,MARDI,284
A018,21-10-2020,MERCREDI,283
A019,15-10-2020,JEUDI,93
A019,16-10-2020,VENDREDI,108
A019,17-10-2020,SAMEDI,111
A019,18-10-2020,DIMANCHE,106
A019,19-10-2020,LUNDI,91
A019,20-10-2020,MARDI,93
A019,21-10-2020,MERCREDI,94
A020,15-10-2020,JEUDI,133
A020,16-10-2020,VENDREDI,137
A020,17-10-2020,SAMEDI,119
A020,18-10-2020,DIMANCHE,100
A020,19-10-2020,LUNDI,129
A020,20-10-2020,MARDI,131
A020,21-10-2020,MERCREDI,130
A021,15-10-2020,JEUDI,93
A021,16-10-2020,VENDREDI,106
A021,17-10-2020,SAMEDI,100
A021,18-10-2020,DIMANCHE,97
A021,19-10-2020,LUNDI,93
A021,20-10-2020,MARDI,93
A021,21-10-2020,MERCREDI,93
A022,15-10-2020,JEUDI,182
A022,16-10-2020,VENDREDI,208
A022,17-10-2020,SAMEDI,213
A022,18-10-2020,DIMANCHE,206
A022,19-10-2020,LUNDI,182
A022,20-10-2020,MARDI,183
A022,21-10-2020,MERCREDI,182
A023,15-10-2020,JEUDI,161
A023,16-10-2020,VENDREDI,182
A023,17-10-2020,SAMEDI,181
A023,18-10-2020,DIMANCHE,171
A023,19-10-2020,LUNDI,158
A023,20-10-2020,MARDI,161
A023,21-10-2020,MERCREDI,162
A025,15-10-2020,JEUDI,167
A025,16-10-2020,VENDREDI,182
A025,17-10-2020,SAMEDI,194
A025,18-10-2020,DIMANCHE,193
A025,19-10-2020,LUNDI,166
A025,20-10-2020,MARDI,167
A025,21-10-2020,MERCREDI,167
A026,15-10-2020,JEUDI,160
A026,16-10-2020,VENDREDI,173
A026,17-10-2020,SAMEDI,146
A026,18-10-2020,DIMANCHE,119
A026,19-10-2020,LUNDI,158
A026,20-10-2020,MARDI,159
A026,21-10-2020,MERCREDI,161
A027,15-10-2020,JEUDI,99
A027,16-10-2020,VENDREDI,107
A027,17-10-2020,SAMEDI,99
A027,18-10-2020,DIMANCHE,83
A027,19-10-2020,LUNDI,97
A027,20-10-2020,MARDI,102
A027,21-10-2020,MERCREDI,100
A028,15-10-2020,JEUDI,129
A028,16-10-2020,VENDREDI,149
A028,17-10-2020,SAMEDI,149
A028,18-10-2020,DIMANCHE,144
A028,19-10-2020,LUNDI,126
A028,20-10-2020,MARDI,128
A028,21-10-2020,MERCREDI,127
A029,15-10-2020,JEUDI,221
A029,16-10-2020,VENDREDI,242
A029,17-10-2020,SAMEDI,262
A029,18-10-2020,DIMANCHE,249
A029,19-10-2020,LUNDI,216
A029,20-10-2020,MARDI,223
A029,21-10-2020,MERCREDI,222
A030,15-10-2020,JEUDI,145
A030,16-10-2020,VENDREDI,148
A030,17-10-2020,SAMEDI,129
A030,18-10-2020,DIMANCHE,116
A030,19-10-2020,LUNDI,139
A030,20-10-2020,MARDI,143
A030,21-10-2020,MERCREDI,142
A031,15-10-2020,JEUDI,154
A031,16-10-2020,VENDREDI,187
A031,17-10-2020,SAMEDI,175
A031,18-10-2020,DIMANCHE,160
A031,19-10-2020,LUNDI,149
A031,20-10-2020,MARDI,155
A031,21-10-2020,MERCREDI,156
A032,15-10-2020,JEUDI,272
A032,16-10-2020,VENDREDI,287
A032,17-10-2020,SAMEDI,271
A032,18-10-2020,DIMANCHE,245
A032,19-10-2020,LUNDI,267
A032,20-10-2020,MARDI,272
A032,21-10-2020,MERCREDI,272
A033,15-10-2020,JEUDI,271
A033,16-10-2020,VENDREDI,303
A033,17-10-2020,SAMEDI,296
A033,18-10-2020,DIMANCHE,267
A033,19-10-2020,LUNDI,264
A033,20-10-2020,MARDI,271
A033,21-10-2020,MERCREDI,271
A034,15-10-2020,JEUDI,204
A034,16-10-2020,VENDREDI,211
A034,17-10-2020,SAMEDI,211
A034,18-10-2020,DIMANCHE,183
A034,19-10-2020,LUNDI,197
A034,20-10-2020,MARDI,203
A034,21-10-2020,MERCREDI,203
A035,15-10-2020,JEUDI,109
A035,16-10-2020,VENDREDI,112
A035,17-10-2020,SAMEDI,108
A035,18-10-2020,DIMANCHE,104
A035,19-10-2020,LUNDI,106
A035,20-10-2020,MARDI,108
A035,21-10-2020,MERCREDI,107
A037,15-10-2020,JEUDI,221
A037,16-10-2020,VENDREDI,244
A037,17-10-2020,SAMEDI,227
A037,18-10-2020,DIMANCHE,213
A037,19-10-2020,LUNDI,217
A037,20-10-2020,MARDI,221
A037,21-10-2020,MERCREDI,221
A041,15-10-2020,JEUDI,234
A041,16-10-2020,VENDREDI,247
A041,17-10-2020,SAMEDI,264
A041,18-10-2020,DIMANCHE,248
A041,19-10-2020,LUNDI,229
A041,20-10-2020,MARDI,235
A041,21-10-2020,MERCREDI,237
A044,15-10-2020,JEUDI,126
A044,16-10-2020,VENDREDI,139
A044,17-10-2020,SAMEDI,143
A044,18-10-2020,DIMANCHE,136
A044,19-10-2020,LUNDI,127
A044,20-10-2020,MARDI,127
A044,21-10-2020,MERCREDI,126
A046,15-10-2020,JEUDI,91
A046,16-10-2020,VENDREDI,103
A046,17-10-2020,SAMEDI,112
A046,18-10-2020,DIMANCHE,104
A046,19-10-2020,LUNDI,91
A046,20-10-2020,MARDI,92
A046,21-10-2020,MERCREDI,92
A048,15-10-2020,JEUDI,197
A048,16-10-2020,VENDREDI,212
A048,17-10-2020,SAMEDI,213
A048,18-10-2020,DIMANCHE,200
A048,19-10-2020,LUNDI,193
A048,20-10-2020,MARDI,196
A048,21-10-2020,MERCREDI,196
A049,15-10-2020,JEUDI,188
A049,16-10-2020,VENDREDI,206
A049,17-10-2020,SAMEDI,204
A049,18-10-2020,DIMANCHE,191
A049,19-10-2020,LUNDI,187
A049,20-10-2020,MARDI,191
A049,21-10-2020,MERCREDI,190
A050,15-10-2020,JEUDI,192
A050,16-10-2020,VENDREDI,199
A050,17-10-2020,SAMEDI,202
A050,18-10-2020,DIMANCHE,184
A050,19-10-2020,LUNDI,188
A050,20-10-2020,MARDI,190
A050,21-10-2020,MERCREDI,190
A051,15-10-2020,JEUDI,193
A051,16-10-2020,VENDREDI,198
A051,17-10-2020,SAMEDI,193
A051,18-10-2020,DIMANCHE,183
A051,19-10-2020,LUNDI,189
A051,20-10-2020,MARDI,192
A051,21-10-2020,MERCREDI,192
A053,15-10-2020,JEUDI,170
A053,16-10-2020,VENDREDI,181
A053,17-10-2020,SAMEDI,188
A053,18-10-2020,DIMANCHE,177
A053,19-10-2020,LUNDI,165
A053,20-10-2020,MARDI,170
A053,21-10-2020,MERCREDI,170
A054,15-10-2020,JEUDI,77
A054,16-10-2020,VENDREDI,84
A054,17-10-2020,SAMEDI,82
A054,18-10-2020,DIMANCHE,78
A054,19-10-2020,LUNDI,76
A054,20-10-2020,MARDI,78
A054,21-10-2020,MERCREDI,78
A055,15-10-2020,JEUDI,133
A055,16-10-2020,VENDREDI,139
A055,17-10-2020,SAMEDI,140
A055,18-10-2020,DIMANCHE,133
A055,19-10-2020,LUNDI,130
A055,20-10-2020,MARDI,131
A055,21-10-2020,MERCREDI,131
A056,15-10-2020,JEUDI,145
A056,16-10-2020,VENDREDI,169
A056,17-10-2020,SAMEDI,166
A056,18-10-2020,DIMANCHE,157
A056,19-10-2020,LUNDI,146
A056,20-10-2020,MARDI,145
A056,21-10-2020,MERCREDI,146
A057,15-10-2020,JEUDI,268
A057,16-10-2020,VENDREDI,290
A057,17-10-2020,SAMEDI,279
A057,18-10-2020,DIMANCHE,252
A057,19-10-2020,LUNDI,260
A057,20-10-2020,MARDI,264
A057,21-10-2020,MERCREDI,263
A059,15-10-2020,JEUDI,237
A059,16-10-2020,VENDREDI,255
A059,17-10-2020,SAMEDI,235
A059,18-10-2020,DIMANCHE,224
A059,19-10-2020,LUNDI,235
A059,20-10-2020,MARDI,238
A059,21-10-2020,MERCREDI,237
A060,15-10-2020,JEUDI,133
A060,16-10-2020,VENDREDI,142
A060,17-10-2020,SAMEDI,146
A060,18-10-2020,DIMANCHE,139
A060,19-10-2020,LUNDI,136
A060,20-10-2020,MARDI,138
A060,21-10-2020,MERCREDI,136
A061,15-10-2020,JEUDI,113
A061,16-10-2020,VENDREDI,124
A061,17-10-2020,SAMEDI,125
A061,18-10-2020,DIMANCHE,117
A061,19-10-2020,LUNDI,113
A061,20-10-2020,MARDI,113
A061,21-10-2020,MERCREDI,113
A062,15-10-2020,JEUDI,102
A062,16-10-2020,VENDREDI,105
A062,17-10-2020,SAMEDI,113
A062,18-10-2020,DIMANCHE,108
A062,19-10-2020,LUNDI,99
A062,20-10-2020,MARDI,100
A062,21-10-2020,MERCREDI,100
A063,15-10-2020,JEUDI,181
A063,16-10-2020,VENDREDI,200
A063,17-10-2020,SAMEDI,200
A063,18-10-2020,DIMANCHE,185
A063,19-10-2020,LUNDI,181
A063,20-10-2020,MARDI,181
A063,21-10-2020,MERCREDI,179
A064,15-10-2020,JEUDI,109
A064,16-10-2020,VENDREDI,125
A064,17-10-2020,SAMEDI,127
A064,18-10-2020,DIMANCHE,124
A064,19-10-2020,LUNDI,109
A064,20-10-2020,MARDI,111
A064,21-10-2020,MERCREDI,112
A065,15-10-2020,JEUDI,247
A065,16-10-2020,VENDREDI,252
A065,17-10-2020,SAMEDI,235
A065,18-10-2020,DIMANCHE,189
A065,19-10-2020,LUNDI,239
A065,20-10-2020,MARDI,244
A065,21-10-2020,MERCREDI,244
A067,15-10-2020,JEUDI,222
A067,16-10-2020,VENDREDI,244
A067,17-10-2020,SAMEDI,246
A067,18-10-2020,DIMANCHE,229
A067,19-10-2020,LUNDI,219
A067,20-10-2020,MARDI,225
A067,21-10-2020,MERCREDI,225
A068,15-10-2020,JEUDI,113
A068,16-10-2020,VENDREDI,120
A068,17-10-2020,SAMEDI,113
A068,18-10-2020,DIMANCHE,102
A068,19-10-2020,LUNDI,105
A068,20-10-2020,MARDI,111
A068,21-10-2020,MERCREDI,111
A071,15-10-2020,JEUDI,204
A071,16-10-2020,VENDREDI,224
A071,17-10-2020,SAMEDI,230
A071,18-10-2020,DIMANCHE,220
A071,19-10-2020,LUNDI,200
A071,20-10-2020,MARDI,204
A071,21-10-2020,MERCREDI,203
A072,15-10-2020,JEUDI,115
A072,16-10-2020,VENDREDI,131
A072,17-10-2020,SAMEDI,126
A072,18-10-2020,DIMANCHE,119
A072,19-10-2020,LUNDI,113
A072,20-10-2020,MARDI,114
A072,21-10-2020,MERCREDI,114
A073,15-10-2020,JEUDI,226
A073,16-10-2020,VENDREDI,239
A073,17-10-2020,SAMEDI,236
A073,18-10-2020,DIMANCHE,224
A073,19-10-2020,LUNDI,225
A073,20-10-2020,MARDI,227
A073,21-10-2020,MERCREDI,227
A077,15-10-2020,JEUDI,219
A077,16-10-2020,VENDREDI,249
A077,17-10-2020,SAMEDI,239
A077,18-10-2020,DIMANCHE,222
A077,19-10-2020,LUNDI,217
A077,20-10-2020,MARDI,223
A077,21-10-2020,MERCREDI,223
A080,15-10-2020,JEUDI,134
A080,16-10-2020,VENDREDI,138
A080,17-10-2020,SAMEDI,139
A080,18-10-2020,DIMANCHE,120
A080,19-10-2020,LUNDI,131
A080,20-10-2020,MARDI,131
A080,21-10-2020,MERCREDI,131
A081,15-10-2020,JEUDI,224
A081,16-10-2020,VENDREDI,250
A081,17-10-2020,SAMEDI,247
A081,18-10-2020,DIMANCHE,235
A081,19-10-2020,LUNDI,223
A081,20-10-2020,MARDI,227
A081,21-10-2020,MERCREDI,228
A082,15-10-2020,JEUDI,240
A082,16-10-2020,VENDREDI,275
A082,17-10-2020,SAMEDI,279
A082,18-10-2020,DIMANCHE,263
A082,19-10-2020,LUNDI,238
A082,20-10-2020,MARDI,239
A082,21-10-2020,MERCREDI,238
A083,15-10-2020,JEUDI,123
A083,16-10-2020,VENDREDI,124
A083,17-10-2020,SAMEDI,126
A083,18-10-2020,DIMANCHE,112
A083,19-10-2020,LUNDI,120
A083,20-10-2020,MARDI,122
A083,21-10-2020,MERCREDI,122
A084,15-10-2020,JEUDI,158
A084,16-10-2020,VENDREDI,177
A084,17-10-2020,SAMEDI,173
A084,18-10-2020,DIMANCHE,163
A084,19-10-2020,LUNDI,153
A084,20-10-2020,MARDI,157
A084,21-10-2020,MERCREDI,155
A085,15-10-2020,JEUDI,237
A085,16-10-2020,VENDREDI,275
A085,17-10-2020,SAMEDI,269
A085,18-10-2020,DIMANCHE,254
A085,19-10-2020,LUNDI,233
A085,20-10-2020,MARDI,239
A085,21-10-2020,MERCREDI,238
A086,15-10-2020,JEUDI,342
A086,16-10-2020,VENDREDI,350
A086,17-10-2020,SAMEDI,314
A086,18-10-2020,DIMANCHE,296
A086,19-10-2020,LUNDI,341
A086,20-10-2020,MARDI,343
A086,21-10-2020,MERCREDI,343
A087,15-10-2020,JEUDI,213
A087,16-10-2020,VENDREDI,239
A087,17-10-2020,SAMEDI,238
A087,18-10-2020,DIMANCHE,223
A087,19-10-2020,LUNDI,212
A087,20-10-2020,MARDI,214
A087,21-10-2020,MERCREDI,212
A090,15-10-2020,JEUDI,149
A090,16-10-2020,VENDREDI,170
A090,17-10-2020,SAMEDI,161
A090,18-10-2020,DIMANCHE,145
A090,19-10-2020,LUNDI,149
A090,20-10-2020,MARDI,151
A090,21-10-2020,MERCREDI,150
A093,15-10-2020,JEUDI,256
A093,16-10-2020,VENDREDI,278
A093,17-10-2020,SAMEDI,280
A093,18-10-2020,DIMANCHE,261
A093,19-10-2020,LUNDI,247
A093,20-10-2020,MARDI,256
A093,21-10-2020,MERCREDI,257
A095,15-10-2020,JEUDI,137
A095,16-10-2020,VENDREDI,151
A095,17-10-2020,SAMEDI,137
A095,18-10-2020,DIMANCHE,128
A095,19-10-2020,LUNDI,135
A095,20-10-2020,MARDI,139
A095,21-10-2020,MERCREDI,138
A096,15-10-2020,JEUDI,228
A096,16-10-2020,VENDREDI,246
A096,17-10-2020,SAMEDI,243
A096,18-10-2020,DIMANCHE,227
A096,19-10-2020,LUNDI,228
A096,20-10-2020,MARDI,229
A096,21-10-2020,MERCREDI,229
A097,15-10-2020,JEUDI,196
A097,16-10-2020,VENDREDI,212
A097,17-10-2020,SAMEDI,217
A097,18-10-2020,DIMANCHE,207
A097,19-10-2020,LUNDI,196
A097,20-10-2020,MARDI,197
A097,21-10-2020,MERCREDI,197
A098,15-10-2020,JEUDI,229
A098,16-10-2020,VENDREDI,244
A098,17-10-2020,SAMEDI,237
A098,18-10-2020,DIMANCHE,223
A098,19-10-2020,LUNDI,226
A098,20-10-2020,MARDI,228
A098,21-10-2020,MERCREDI,228
A100,15-10-2020,JEUDI,177
A100,16-10-2020,VENDREDI,188
A100,17-10-2020,SAMEDI,175
A100,18-10-2020,DIMANCHE,163
A100,19-10-2020,LUNDI,175
A100,20-10-2020,MARDI,178
A100,21-10-2020,MERCREDI,180
A101,15-10-2020,JEUDI,264
A101,16-10-2020,VENDREDI,279
A101,17-10-2020,SAMEDI,255
A101,18-10-2020,DIMANCHE,234
A101,19-10-2020,LUNDI,261
A101,20-10-2020,MARDI,266
A101,21-10-2020,MERCREDI,266
A102,15-10-2020,JEUDI,213
A102,16-10-2020,VENDREDI,236
A102,17-10-2020,SAMEDI,228
A102,18-10-2020,DIMANCHE,210
A102,19-10-2020,LUNDI,207
A102,20-10-2020,MARDI,212
A102,21-10-2020,MERCREDI,212
A103,15-10-2020,JEUDI,97
A103,16-10-2020,VENDREDI,114
A103,17-10-2020,SAMEDI,110
A103,18-10-2020,DIMANCHE,94
A103,19-10-2020,LUNDI,93
A103,20-10-2020,MARDI,95
A103,21-10-2020,MERCREDI,95
A104,15-10-2020,JEUDI,125
A104,16-10-2020,VENDREDI,134
A104,17-10-2020,SAMEDI,133
A104,18-10-2020,DIMANCHE,122
A104,19-10-2020,LUNDI,120
A104,20-10-2020,MARDI,122
A104,21-10-2020,MERCREDI,122
A105,15-10-2020,JEUDI,122
A105,16-10-2020,VENDREDI,136
A105,17-10-2020,SAMEDI,129
A105,18-10-2020,DIMANCHE,123
A105,19-10-2020,LUNDI,121
A105,20-10-2020,MARDI,121
A105,21-10-2020,MERCREDI,121
A106,15-10-2020,JEUDI,91
A106,16-10-2020,VENDREDI,109
A106,17-10-2020,SAMEDI,111
A106,18-10-2020,DIMANCHE,105
A106,19-10-2020,LUNDI,89
A106,20-10-2020,MARDI,90
A106,21-10-2020,MERCREDI,90
A107,15-10-2020,JEUDI,293
A107,16-10-2020,VENDREDI,344
A107,17-10-2020,SAMEDI,319
A107,18-10-2020,DIMANCHE,292
A107,19-10-2020,LUNDI,289
A107,20-10-2020,MARDI,294
A107,21-10-2020,MERCREDI,294
A108,15-10-2020,JEUDI,165
A108,16-10-2020,VENDREDI,172
A108,17-10-2020,SAMEDI,163
A108,18-10-2020,DIMANCHE,154
A108,19-10-2020,LUNDI,164
A108,20-10-2020,MARDI,165
A108,21-10-2020,MERCREDI,164
A109,15-10-2020,JEUDI,217
A109,16-10-2020,VENDREDI,237
A109,17-10-2020,SAMEDI,243
A109,18-10-2020,DIMANCHE,237
A109,19-10-2020,LUNDI,215
A109,20-10-2020,MARDI,214
A109,21-10-2020,MERCREDI,214
A110,15-10-2020,JEUDI,136
A110,16-10-2020,VENDREDI,160
A110,17-10-2020,SAMEDI,167
A110,18-10-2020,DIMANCHE,161
A110,19-10-2020,LUNDI,131
A110,20-10-2020,MARDI,136
A110,21-10-2020,MERCREDI,136
A111,15-10-2020,JEUDI,141
A111,16-10-2020,VENDREDI,152
A111,17-10-2020,SAMEDI,159
A111,18-10-2020,DIMANCHE,152
A111,19-10-2020,LUNDI,141
A111,20-10-2020,MARDI,141
A111,21-10-2020,MERCREDI,141
A113,15-10-2020,JEUDI,150
A113,16-10-2020,VENDREDI,156
A113,17-10-2020,SAMEDI,152
A113,18-10-2020,DIMANCHE,146
A113,19-10-2020,LUNDI,147
A113,20-10-2020,MARDI,151
A113,21-10-2020,MERCREDI,151
A114,15-10-2020,JEUDI,246
A114,16-10-2020,VENDREDI,273
A114,17-10-2020,SAMEDI,264
A114,18-10-2020,DIMANCHE,241
A114,19-10-2020,LUNDI,232
A114,20-10-2020,MARDI,243
A114,21-10-2020,MERCREDI,244
A115,15-10-2020,JEUDI,244
A115,16-10-2020,VENDREDI,259
A115,17-10-2020,SAMEDI,263
A115,18-10-2020,DIMANCHE,250
A115,19-10-2020,LUNDI,239
A115,20-10-2020,MARDI,245
A115,21-10-2020,MERCREDI,245
A116,15-10-2020,JEUDI,296
A116,16-10-2020,VENDREDI,320
A116,17-10-2020,SAMEDI,302
A116,18-10-2020,DIMANCHE,277
A116,19-10-2020,LUNDI,290
A116,20-10-2020,MARDI,296
A116,21-10-2020,MERCREDI,296
A117,15-10-2020,JEUDI,140
A117,16-10-2020,VENDREDI,171
A117,17-10-2020,SAMEDI,159
A117,18-10-2020,DIMANCHE,154
A117,19-10-2020,LUNDI,139
A117,20-10-2020,MARDI,140
A117,21-10-2020,MERCREDI,140
A118,15-10-2020,JEUDI,170
A118,16-10-2020,VENDREDI,213
A118,17-10-2020,SAMEDI,203
A118,18-10-2020,DIMANCHE,187
A118,19-10-2020,LUNDI,162
A118,20-10-2020,MARDI,170
A118,21-10-2020,MERCREDI,172
A119,15-10-2020,JEUDI,219
A119,16-10-2020,VENDREDI,232
A119,17-10-2020,SAMEDI,229
A119,18-10-2020,DIMANCHE,219
A119,19-10-2020,LUNDI,217
A119,20-10-2020,MARDI,218
A119,21-10-2020,MERCREDI,218
A120,15-10-2020,JEUDI,166
A120,16-10-2020,VENDREDI,175
A120,17-10-2020,SAMEDI,172
A120,18-10-2020,DIMANCHE,161
A120,19-10-2020,LUNDI,163
A120,20-10-2020,MARDI,165
A120,21-10-2020,MERCREDI,164
A121,15-10-2020,JEUDI,211
A121,16-10-2020,VENDREDI,223
A121,17-10-2020,SAMEDI,220
A121,18-10-2020,DIMANCHE,202
A121,19-10-2020,LUNDI,209
A121,20-10-2020,MARDI,207
A121,21-10-2020,MERCREDI,207
A122,15-10-2020,JEUDI,247
A122,16-10-2020,VENDREDI,271
A122,17-10-2020,SAMEDI,275
A122,18-10-2020,DIMANCHE,265
A122,19-10-2020,LUNDI,240
A122,20-10-2020,MARDI,246
A122,21-10-2020,MERCREDI,245
A124,15-10-2020,JEUDI,238
A124,16-10-2020,VENDREDI,271
A124,17-10-2020,SAMEDI,247
A124,18-10-2020,DIMANCHE,228
A124,19-10-2020,LUNDI,230
A124,20-10-2020,MARDI,240
A124,21-10-2020,MERCREDI,239
A125,15-10-2020,JEUDI,229
A125,16-10-2020,VENDREDI,246
A125,17-10-2020,SAMEDI,240
A125,18-10-2020,DIMANCHE,218
A125,19-10-2020,LUNDI,229
A125,20-10-2020,MARDI,231
A125,21-10-2020,MERCREDI,232
A126,15-10-2020,JEUDI,156
A126,16-10-2020,VENDREDI,162
A126,17-10-2020,SAMEDI,142
A126,18-10-2020,DIMANCHE,132
A126,19-10-2020,LUNDI,157
A126,20-10-2020,MARDI,157
A126,21-10-2020,MERCREDI,158
A127,15-10-2020,JEUDI,115
A127,16-10-2020,VENDREDI,130
A127,17-10-2020,SAMEDI,120
A127,18-10-2020,DIMANCHE,117
A127,19-10-2020,LUNDI,112
A127,20-10-2020,MARDI,116
A127,21-10-2020,MERCREDI,116
A128,15-10-2020,JEUDI,118
A128,16-10-2020,VENDREDI,122
A128,17-10-2020,SAMEDI,124
A128,18-10-2020,DIMANCHE,120
A128,19-10-2020,LUNDI,117
A128,20-10-2020,MARDI,121
A128,21-10-2020,MERCREDI,121
A129,15-10-2020,JEUDI,241
A129,16-10-2020,VENDREDI,260
A129,17-10-2020,SAMEDI,267
A129,18-10-2020,DIMANCHE,249
A129,19-10-2020,LUNDI,237
A129,20-10-2020,MARDI,243
A129,21-10-2020,MERCREDI,242
A130,15-10-2020,JEUDI,213
A130,16-10-2020,VENDREDI,228
A130,17-10-2020,SAMEDI,219
A130,18-10-2020,DIMANCHE,205
A130,19-10-2020,LUNDI,211
A130,20-10-2020,MARDI,213
A130,21-10-2020,MERCREDI,212
A131,15-10-2020,JEUDI,105
A131,16-10-2020,VENDREDI,118
A131,17-10-2020,SAMEDI,109
A131,18-10-2020,DIMANCHE,98
A131,19-10-2020,LUNDI,105
A131,20-10-2020,MARDI,106
A131,21-10-2020,MERCREDI,106
A134,15-10-2020,JEUDI,148
A134,16-10-2020,VENDREDI,158
A134,17-10-2020,SAMEDI,157
A134,18-10-2020,DIMANCHE,150
A134,19-10-2020,LUNDI,146
A134,20-10-2020,MARDI,148
A134,21-10-2020,MERCREDI,148
A140,15-10-2020,JEUDI,141
A140,16-10-2020,VENDREDI,165
A140,17-10-2020,SAMEDI,165
A140,18-10-2020,DIMANCHE,153
A140,19-10-2020,LUNDI,136
A140,20-10-2020,MARDI,140
A140,21-10-2020,MERCREDI,139
A144,15-10-2020,JEUDI,130
A144,16-10-2020,VENDREDI,140
A144,17-10-2020,SAMEDI,136
A144,18-10-2020,DIMANCHE,129
A144,19-10-2020,LUNDI,128
A144,20-10-2020,MARDI,130
A144,21-10-2020,MERCREDI,131
A148,15-10-2020,JEUDI,260
A148,16-10-2020,VENDREDI,264
A148,17-10-2020,SAMEDI,229
A148,18-10-2020,DIMANCHE,213
A148,19-10-2020,LUNDI,259
A148,20-10-2020,MARDI,261
A148,21-10-2020,MERCREDI,260
A151,15-10-2020,JEUDI,158
A151,16-10-2020,VENDREDI,171
A151,17-10-2020,SAMEDI,175
A151,18-10-2020,DIMANCHE,161
A151,19-10-2020,LUNDI,158
A151,20-10-2020,MARDI,160
A151,21-10-2020,MERCREDI,160
A152,15-10-2020,JEUDI,80
A152,16-10-2020,VENDREDI,86
A152,17-10-2020,SAMEDI,82
A152,18-10-2020,DIMANCHE,79
A152,19-10-2020,LUNDI,80
A152,20-10-2020,MARDI,80
A152,21-10-2020,MERCREDI,80
A153,15-10-2020,JEUDI,141
A153,16-10-2020,VENDREDI,147
A153,17-10-2020,SAMEDI,141
A153,18-10-2020,DIMANCHE,130
A153,19-10-2020,LUNDI,138
A153,20-10-2020,MARDI,141
A153,21-10-2020,MERCREDI,141
A154,15-10-2020,JEUDI,106
A154,16-10-2020,VENDREDI,109
A154,17-10-2020,SAMEDI,106
A154,18-10-2020,DIMANCHE,97
A154,19-10-2020,LUNDI,104
A154,20-10-2020,MARDI,105
A154,21-10-2020,MERCREDI,105
A155,15-10-2020,JEUDI,116
A155,16-10-2020,VENDREDI,127
A155,17-10-2020,SAMEDI,122
A155,18-10-2020,DIMANCHE,112
A155,19-10-2020,LUNDI,112
A155,20-10-2020,MARDI,117
A155,21-10-2020,MERCREDI,117
A156,15-10-2020,JEUDI,296
A156,16-10-2020,VENDREDI,303
A156,17-10-2020,SAMEDI,248
A156,18-10-2020,DIMANCHE,223
A156,19-10-2020,LUNDI,295
A156,20-10-2020,MARDI,297
A156,21-10-2020,MERCREDI,299
A157,15-10-2020,JEUDI,140
A157,16-10-2020,VENDREDI,144
A157,17-10-2020,SAMEDI,137
A157,18-10-2020,DIMANCHE,125
A157,19-10-2020,LUNDI,137
A157,20-10-2020,MARDI,139
A157,21-10-2020,MERCREDI,139
A158,15-10-2020,JEUDI,74
A158,16-10-2020,VENDREDI,87
A158,17-10-2020,SAMEDI,82
A158,18-10-2020,DIMANCHE,81
A158,19-10-2020,LUNDI,76
A158,20-10-2020,MARDI,75
A158,21-10-2020,MERCREDI,75
A159,15-10-2020,JEUDI,113
A159,16-10-2020,VENDREDI,125
A159,17-10-2020,SAMEDI,121
A159,18-10-2020,DIMANCHE,113
A159,19-10-2020,LUNDI,112
A159,20-10-2020,MARDI,113
A159,21-10-2020,MERCREDI,113
A160,15-10-2020,JEUDI,278
A160,16-10-2020,VENDREDI,297
A160,17-10-2020,SAMEDI,289
A160,18-10-2020,DIMANCHE,278
A160,19-10-2020,LUNDI,279
A160,20-10-2020,MARDI,280
A160,21-10-2020,MERCREDI,279
A162,15-10-2020,JEUDI,151
A162,16-10-2020,VENDREDI,176
A162,17-10-2020,SAMEDI,169
A162,18-10-2020,DIMANCHE,151
A162,19-10-2020,LUNDI,149
A162,20-10-2020,MARDI,151
A162,21-10-2020,MERCREDI,151
A163,15-10-2020,JEUDI,137
A163,16-10-2020,VENDREDI,153
A163,17-10-2020,SAMEDI,158
A163,18-10-2020,DIMANCHE,151
A163,19-10-2020,LUNDI,137
A163,20-10-2020,MARDI,137
A163,21-10-2020,MERCREDI,137
A164,15-10-2020,JEUDI,99
A164,16-10-2020,VENDREDI,111
A164,17-10-2020,SAMEDI,110
A164,18-10-2020,DIMANCHE,102
A164,19-10-2020,LUNDI,97
A164,20-10-2020,MARDI,98
A164,21-10-2020,MERCREDI,98
A165,15-10-2020,JEUDI,123
A165,16-10-2020,VENDREDI,130
A165,17-10-2020,SAMEDI,112
A165,18-10-2020,DIMANCHE,107
A165,19-10-2020,LUNDI,122
A165,20-10-2020,MARDI,124
A165,21-10-2020,MERCREDI,124
A166,15-10-2020,JEUDI,127
A166,16-10-2020,VENDREDI,137
A166,17-10-2020,SAMEDI,142
A166,18-10-2020,DIMANCHE,130
A166,19-10-2020,LUNDI,126
A166,20-10-2020,MARDI,128
A166,21-10-2020,MERCREDI,127
A167,15-10-2020,JEUDI,75
A167,16-10-2020,VENDREDI,74
A167,17-10-2020,SAMEDI,74
A167,18-10-2020,DIMANCHE,73
A167,19-10-2020,LUNDI,73
A167,20-10-2020,MARDI,74
A167,21-10-2020,MERCREDI,74
A168,15-10-2020,JEUDI,146
A168,16-10-2020,VENDREDI,162
A168,17-10-2020,SAMEDI,173
A168,18-10-2020,DIMANCHE,167
A168,19-10-2020,LUNDI,146
A168,20-10-2020,MARDI,147
A168,21-10-2020,MERCREDI,147
A169,15-10-2020,JEUDI,155
A169,16-10-2020,VENDREDI,165
A169,17-10-2020,SAMEDI,182
A169,18-10-2020,DIMANCHE,176
A169,19-10-2020,LUNDI,153
A169,20-10-2020,MARDI,155
A169,21-10-2020,MERCREDI,155
A170,15-10-2020,JEUDI,164
A170,16-10-2020,VENDREDI,177
A170,17-10-2020,SAMEDI,164
A170,18-10-2020,DIMANCHE,153
A170,19-10-2020,LUNDI,162
A170,20-10-2020,MARDI,163
A170,21-10-2020,MERCREDI,162
A171,15-10-2020,JEUDI,56
A171,16-10-2020,VENDREDI,60
A171,17-10-2020,SAMEDI,60
A171,18-10-2020,DIMANCHE,56
A171,19-10-2020,LUNDI,55
A171,20-10-2020,MARDI,56
A171,21-10-2020,MERCREDI,56
A172,15-10-2020,JEUDI,138
A172,16-10-2020,VENDREDI,150
A172,17-10-2020,SAMEDI,169
A172,18-10-2020,DIMANCHE,162
A172,19-10-2020,LUNDI,136
A172,20-10-2020,MARDI,138
A172,21-10-2020,MERCREDI,138
A173,15-10-2020,JEUDI,105
A173,16-10-2020,VENDREDI,111
A173,17-10-2020,SAMEDI,114
A173,18-10-2020,DIMANCHE,99
A173,19-10-2020,LUNDI,98
A173,20-10-2020,MARDI,105
A173,21-10-2020,MERCREDI,104
A174,15-10-2020,JEUDI,113
A174,16-10-2020,VENDREDI,116
A174,17-10-2020,SAMEDI,116
A174,18-10-2020,DIMANCHE,112
A174,19-10-2020,LUNDI,111
A174,20-10-2020,MARDI,111
A174,21-10-2020,MERCREDI,111
A175,15-10-2020,JEUDI,87
A175,16-10-2020,VENDREDI,91
A175,17-10-2020,SAMEDI,91
A175,18-10-2020,DIMANCHE,83
A175,19-10-2020,LUNDI,83
A175,20-10-2020,MARDI,87
A175,21-10-2020,MERCREDI,87
A176,15-10-2020,JEUDI,69
A176,16-10-2020,VENDREDI,74
A176,17-10-2020,SAMEDI,73
A176,18-10-2020,DIMANCHE,69
A176,19-10-2020,LUNDI,69
A176,20-10-2020,MARDI,69
A176,21-10-2020,MERCREDI,69
A177,15-10-2020,JEUDI,110
A177,16-10-2020,VENDREDI,122
A177,17-10-2020,SAMEDI,130
A177,18-10-2020,DIMANCHE,119
A177,19-10-2020,LUNDI,108
A177,20-10-2020,MARDI,111
A177,21-10-2020,MERCREDI,110
A178,15-10-2020,JEUDI,206
A178,16-10-2020,VENDREDI,216
A178,17-10-2020,SAMEDI,218
A178,18-10-2020,DIMANCHE,204
A178,19-10-2020,LUNDI,202
A178,20-10-2020,MARDI,204
A178,21-10-2020,MERCREDI,204
A179,15-10-2020,JEUDI,283
A179,16-10-2020,VENDREDI,310
A179,17-10-2020,SAMEDI,328
A179,18-10-2020,DIMANCHE,299
A179,19-10-2020,LUNDI,276
A179,20-10-2020,MARDI,282
A179,21-10-2020,MERCREDI,282
A180,15-10-2020,JEUDI,89
A180,16-10-2020,VENDREDI,89
A180,17-10-2020,SAMEDI,84
A180,18-10-2020,DIMANCHE,71
A180,19-10-2020,LUNDI,86
A180,20-10-2020,MARDI,88
A180,21-10-2020,MERCREDI,88
A181,15-10-2020,JEUDI,176
A181,16-10-2020,VENDREDI,187
A181,17-10-2020,SAMEDI,207
A181,18-10-2020,DIMANCHE,204
A181,19-10-2020,LUNDI,174
A181,20-10-2020,MARDI,177
A181,21-10-2020,MERCREDI,177
A182,15-10-2020,JEUDI,157
A182,16-10-2020,VENDREDI,169
A182,17-10-2020,SAMEDI,169
A182,18-10-2020,DIMANCHE,150
A182,19-10-2020,LUNDI,154
A182,20-10-2020,MARDI,158
A182,21-10-2020,MERCREDI,158
A183,15-10-2020,JEUDI,211
A183,16-10-2020,VENDREDI,223
A183,17-10-2020,SAMEDI,226
A183,18-10-2020,DIMANCHE,208
A183,19-10-2020,LUNDI,207
A183,20-10-2020,MARDI,209
A183,21-10-2020,MERCREDI,209
A184,15-10-2020,JEUDI,1
A185,15-10-2020,JEUDI,149
A185,16-10-2020,VENDREDI,160
A185,17-10-2020,SAMEDI,150
A185,18-10-2020,DIMANCHE,118
A185,19-10-2020,LUNDI,140
A185,20-10-2020,MARDI,149
A185,21-10-2020,MERCREDI,149
A187,15-10-2020,JEUDI,1
A187,16-10-2020,VENDREDI,1
A187,17-10-2020,SAMEDI,1
A187,18-10-2020,DIMANCHE,1
A187,19-10-2020,LUNDI,1
A187,20-10-2020,MARDI,1
A187,21-10-2020,MERCREDI,1
A188,15-10-2020,JEUDI,128
A188,16-10-2020,VENDREDI,146
A188,17-10-2020,SAMEDI,143
A188,18-10-2020,DIMANCHE,131
A188,19-10-2020,LUNDI,125
A188,20-10-2020,MARDI,126
A188,21-10-2020,MERCREDI,127
A189,15-10-2020,JEUDI,97
A189,16-10-2020,VENDREDI,107
A189,17-10-2020,SAMEDI,103
A189,18-10-2020,DIMANCHE,96
A189,19-10-2020,LUNDI,96
A189,20-10-2020,MARDI,98
A189,21-10-2020,MERCREDI,98
A190,15-10-2020,JEUDI,160
A190,16-10-2020,VENDREDI,196
A190,17-10-2020,SAMEDI,189
A190,18-10-2020,DIMANCHE,178
A190,19-10-2020,LUNDI,152
A190,20-10-2020,MARDI,160
A190,21-10-2020,MERCREDI,160
A191,15-10-2020,JEUDI,186
A191,16-10-2020,VENDREDI,196
A191,17-10-2020,SAMEDI,187
A191,18-10-2020,DIMANCHE,163
A191,19-10-2020,LUNDI,184
A191,20-10-2020,MARDI,185
A191,21-10-2020,MERCREDI,186
A193,15-10-2020,JEUDI,159
A193,16-10-2020,VENDREDI,181
A193,17-10-2020,SAMEDI,182
A193,18-10-2020,DIMANCHE,171
A193,19-10-2020,LUNDI,153
A193,20-10-2020,MARDI,159
A193,21-10-2020,MERCREDI,158
A194,15-10-2020,JEUDI,141
A194,16-10-2020,VENDREDI,153
A194,17-10-2020,SAMEDI,151
A194,18-10-2020,DIMANCHE,142
A194,19-10-2020,LUNDI,139
A194,20-10-2020,MARDI,142
A194,21-10-2020,MERCREDI,144
A195,15-10-2020,JEUDI,123
A195,16-10-2020,VENDREDI,143
A195,17-10-2020,SAMEDI,144
A195,18-10-2020,DIMANCHE,130
A195,19-10-2020,LUNDI,122
A195,20-10-2020,MARDI,125
A195,21-10-2020,MERCREDI,126
A196,15-10-2020,JEUDI,132
A196,16-10-2020,VENDREDI,140
A196,17-10-2020,SAMEDI,139
A196,18-10-2020,DIMANCHE,133
A196,19-10-2020,LUNDI,132
A196,20-10-2020,MARDI,132
A196,21-10-2020,MERCREDI,132
A197,15-10-2020,JEUDI,111
A197,16-10-2020,VENDREDI,118
A197,17-10-2020,SAMEDI,119
A197,18-10-2020,DIMANCHE,115
A197,19-10-2020,LUNDI,110
A197,20-10-2020,MARDI,112
A197,21-10-2020,MERCREDI,112
A198,15-10-2020,JEUDI,146
A198,16-10-2020,VENDREDI,151
A198,17-10-2020,SAMEDI,127
A198,18-10-2020,DIMANCHE,118
A198,19-10-2020,LUNDI,146
A198,20-10-2020,MARDI,147
A198,21-10-2020,MERCREDI,147
A199,15-10-2020,JEUDI,257
A199,16-10-2020,VENDREDI,275
A199,17-10-2020,SAMEDI,271
A199,18-10-2020,DIMANCHE,255
A199,19-10-2020,LUNDI,249
A199,20-10-2020,MARDI,256
A199,21-10-2020,MERCREDI,256
A200,15-10-2020,JEUDI,90
A200,16-10-2020,VENDREDI,98
A200,17-10-2020,SAMEDI,101
A200,18-10-2020,DIMANCHE,90
A200,19-10-2020,LUNDI,88
A200,20-10-2020,MARDI,92
A200,21-10-2020,MERCREDI,92
A202,15-10-2020,JEUDI,121
A202,16-10-2020,VENDREDI,133
A202,17-10-2020,SAMEDI,136
A202,18-10-2020,DIMANCHE,133
A202,19-10-2020,LUNDI,121
A202,20-10-2020,MARDI,122
A202,21-10-2020,MERCREDI,122
A204,15-10-2020,JEUDI,1
A204,16-10-2020,VENDREDI,1
A204,17-10-2020,SAMEDI,1
A204,18-10-2020,DIMANCHE,1
A204,19-10-2020,LUNDI,1
A204,20-10-2020,MARDI,1
A204,21-10-2020,MERCREDI,1
A206,15-10-2020,JEUDI,180
A206,16-10-2020,VENDREDI,211
A206,17-10-2020,SAMEDI,199
A206,18-10-2020,DIMANCHE,186
A206,19-10-2020,LUNDI,175
A206,20-10-2020,MARDI,180
A206,21-10-2020,MERCREDI,182
A207,15-10-2020,JEUDI,138
A207,16-10-2020,VENDREDI,162
A207,17-10-2020,SAMEDI,172
A207,18-10-2020,DIMANCHE,156
A207,19-10-2020,LUNDI,132
A207,20-10-2020,MARDI,135
A207,21-10-2020,MERCREDI,135
A208,15-10-2020,JEUDI,94
A208,16-10-2020,VENDREDI,107
A208,17-10-2020,SAMEDI,108
A208,18-10-2020,DIMANCHE,102
A208,19-10-2020,LUNDI,96
A208,20-10-2020,MARDI,98
A208,21-10-2020,MERCREDI,98
A211,15-10-2020,JEUDI,1
A211,16-10-2020,VENDREDI,1
A211,17-10-2020,SAMEDI,1
A211,18-10-2020,DIMANCHE,1
A211,19-10-2020,LUNDI,1
A211,20-10-2020,MARDI,1
A211,21-10-2020,MERCREDI,1
A212,15-10-2020,JEUDI,146
A212,16-10-2020,VENDREDI,174
A212,17-10-2020,SAMEDI,173
A212,18-10-2020,DIMANCHE,163
A212,19-10-2020,LUNDI,142
A212,20-10-2020,MARDI,143
A212,21-10-2020,MERCREDI,144
A213,15-10-2020,JEUDI,114
A213,16-10-2020,VENDREDI,125
A213,17-10-2020,SAMEDI,120
A213,18-10-2020,DIMANCHE,115
A213,19-10-2020,LUNDI,111
A213,20-10-2020,MARDI,114
A213,21-10-2020,MERCREDI,114
A214,15-10-2020,JEUDI,136
A214,16-10-2020,VENDREDI,148
A214,17-10-2020,SAMEDI,153
A214,18-10-2020,DIMANCHE,144
A214,19-10-2020,LUNDI,135
A214,20-10-2020,MARDI,137
A214,21-10-2020,MERCREDI,137
A215,15-10-2020,JEUDI,155
A215,16-10-2020,VENDREDI,171
A215,17-10-2020,SAMEDI,166
A215,18-10-2020,DIMANCHE,157
A215,19-10-2020,LUNDI,153
A215,20-10-2020,MARDI,154
A215,21-10-2020,MERCREDI,154
A216,15-10-2020,JEUDI,98
A216,16-10-2020,VENDREDI,103
A216,17-10-2020,SAMEDI,90
A216,18-10-2020,DIMANCHE,78
A216,19-10-2020,LUNDI,92
A216,20-10-2020,MARDI,95
A216,21-10-2020,MERCREDI,95
A217,15-10-2020,JEUDI,114
A217,16-10-2020,VENDREDI,130
A217,17-10-2020,SAMEDI,139
A217,18-10-2020,DIMANCHE,131
A217,19-10-2020,LUNDI,112
A217,20-10-2020,MARDI,115
A217,21-10-2020,MERCREDI,114
A218,15-10-2020,JEUDI,139
A218,16-10-2020,VENDREDI,175
A218,17-10-2020,SAMEDI,170
A218,18-10-2020,DIMANCHE,163
A218,19-10-2020,LUNDI,139
A218,20-10-2020,MARDI,138
A218,21-10-2020,MERCREDI,138
A219,15-10-2020,JEUDI,99
A219,16-10-2020,VENDREDI,118
A219,17-10-2020,SAMEDI,112
A219,18-10-2020,DIMANCHE,104
A219,19-10-2020,LUNDI,98
A219,20-10-2020,MARDI,100
A219,21-10-2020,MERCREDI,99
A220,15-10-2020,JEUDI,103
A220,16-10-2020,VENDREDI,106
A220,17-10-2020,SAMEDI,98
A220,18-10-2020,DIMANCHE,85
A220,19-10-2020,LUNDI,101
A220,20-10-2020,MARDI,103
A220,21-10-2020,MERCREDI,103
A221,15-10-2020,JEUDI,161
A221,16-10-2020,VENDREDI,173
A221,17-10-2020,SAMEDI,159
A221,18-10-2020,DIMANCHE,148
A221,19-10-2020,LUNDI,159
A221,20-10-2020,MARDI,159
A221,21-10-2020,MERCREDI,159
A222,15-10-2020,JEUDI,157
A222,16-10-2020,VENDREDI,175
A222,17-10-2020,SAMEDI,160
A222,18-10-2020,DIMANCHE,137
A222,19-10-2020,LUNDI,149
A222,20-10-2020,MARDI,156
A222,21-10-2020,MERCREDI,155
A223,15-10-2020,JEUDI,124
A223,16-10-2020,VENDREDI,147
A223,17-10-2020,SAMEDI,145
A223,18-10-2020,DIMANCHE,140
A223,19-10-2020,LUNDI,122
A223,20-10-2020,MARDI,123
A223,21-10-2020,MERCREDI,123
A224,15-10-2020,JEUDI,130
A224,16-10-2020,VENDREDI,144
A224,17-10-2020,SAMEDI,138
A224,18-10-2020,DIMANCHE,126
A224,19-10-2020,LUNDI,126
A224,20-10-2020,MARDI,131
A224,21-10-2020,MERCREDI,131
A225,15-10-2020,JEUDI,121
A225,16-10-2020,VENDREDI,128
A225,17-10-2020,SAMEDI,121
A225,18-10-2020,DIMANCHE,117
A225,19-10-2020,LUNDI,117
A225,20-10-2020,MARDI,116
A225,21-10-2020,MERCREDI,116
A226,15-10-2020,JEUDI,110
A226,16-10-2020,VENDREDI,132
A226,17-10-2020,SAMEDI,124
A226,18-10-2020,DIMANCHE,114
A226,19-10-2020,LUNDI,108
A226,20-10-2020,MARDI,110
A226,21-10-2020,MERCREDI,110
A227,15-10-2020,JEUDI,105
A227,16-10-2020,VENDREDI,112
A227,17-10-2020,SAMEDI,109
A227,18-10-2020,DIMANCHE,105
A227,19-10-2020,LUNDI,105
A227,20-10-2020,MARDI,106
A227,21-10-2020,MERCREDI,105
A228,15-10-2020,JEUDI,128
A228,16-10-2020,VENDREDI,139
A228,17-10-2020,SAMEDI,135
A228,18-10-2020,DIMANCHE,115
A228,19-10-2020,LUNDI,122
A228,20-10-2020,MARDI,129
A228,21-10-2020,MERCREDI,129
A229,15-10-2020,JEUDI,110
A229,16-10-2020,VENDREDI,122
A229,17-10-2020,SAMEDI,118
A229,18-10-2020,DIMANCHE,110
A229,19-10-2020,LUNDI,106
A229,20-10-2020,MARDI,109
A229,21-10-2020,MERCREDI,109
A230,15-10-2020,JEUDI,131
A230,16-10-2020,VENDREDI,150
A230,17-10-2020,SAMEDI,129
A230,18-10-2020,DIMANCHE,109
A230,19-10-2020,LUNDI,129
A230,20-10-2020,MARDI,132
A230,21-10-2020,MERCREDI,133
A231,15-10-2020,JEUDI,127
A231,16-10-2020,VENDREDI,143
A231,17-10-2020,SAMEDI,125
A231,18-10-2020,DIMANCHE,110
A231,19-10-2020,LUNDI,124
A231,20-10-2020,MARDI,126
A231,21-10-2020,MERCREDI,126
A232,15-10-2020,JEUDI,105
A232,16-10-2020,VENDREDI,111
A232,17-10-2020,SAMEDI,110
A232,18-10-2020,DIMANCHE,98
A232,19-10-2020,LUNDI,103
A232,20-10-2020,MARDI,105
A232,21-10-2020,MERCREDI,105
A233,15-10-2020,JEUDI,109
A233,16-10-2020,VENDREDI,117
A233,17-10-2020,SAMEDI,119
A233,18-10-2020,DIMANCHE,111
A233,19-10-2020,LUNDI,109
A233,20-10-2020,MARDI,110
A233,21-10-2020,MERCREDI,108
A234,15-10-2020,JEUDI,153
A234,16-10-2020,VENDREDI,168
A234,17-10-2020,SAMEDI,165
A234,18-10-2020,DIMANCHE,155
A234,19-10-2020,LUNDI,150
A234,20-10-2020,MARDI,151
A234,21-10-2020,MERCREDI,151
V001,15-10-2020,JEUDI,147
V001,16-10-2020,VENDREDI,166
V001,17-10-2020,SAMEDI,163
V001,18-10-2020,DIMANCHE,151
V001,19-10-2020,LUNDI,144
V001,20-10-2020,MARDI,146
V001,21-10-2020,MERCREDI,146
V002,15-10-2020,JEUDI,135
V002,16-10-2020,VENDREDI,141
V002,17-10-2020,SAMEDI,137
V002,18-10-2020,DIMANCHE,130
V002,19-10-2020,LUNDI,132
V002,20-10-2020,MARDI,133
V002,21-10-2020,MERCREDI,133
V003,15-10-2020,JEUDI,217
V003,16-10-2020,VENDREDI,231
V003,17-10-2020,SAMEDI,220
V003,18-10-2020,DIMANCHE,196
V003,19-10-2020,LUNDI,210
V003,20-10-2020,MARDI,214
V003,21-10-2020,MERCREDI,213
V004,15-10-2020,JEUDI,131
V004,16-10-2020,VENDREDI,141
V004,17-10-2020,SAMEDI,137
V004,18-10-2020,DIMANCHE,128
V004,19-10-2020,LUNDI,128
V004,20-10-2020,MARDI,132
V004,21-10-2020,MERCREDI,132
V005,15-10-2020,JEUDI,128
V005,16-10-2020,VENDREDI,151
V005,17-10-2020,SAMEDI,146
V005,18-10-2020,DIMANCHE,138
V005,19-10-2020,LUNDI,127
V005,20-10-2020,MARDI,130
V005,21-10-2020,MERCREDI,130
V006,15-10-2020,JEUDI,185
V006,16-10-2020,VENDREDI,196
V006,17-10-2020,SAMEDI,190
V006,18-10-2020,DIMANCHE,175
V006,19-10-2020,LUNDI,179
V006,20-10-2020,MARDI,184
V006,21-10-2020,MERCREDI,184
V007,15-10-2020,JEUDI,114
V007,16-10-2020,VENDREDI,119
V007,17-10-2020,SAMEDI,114
V007,18-10-2020,DIMANCHE,111
V007,19-10-2020,LUNDI,113
V007,20-10-2020,MARDI,113
V007,21-10-2020,MERCREDI,113
V008,15-10-2020,JEUDI,109
V008,16-10-2020,VENDREDI,119
V008,17-10-2020,SAMEDI,106
V008,18-10-2020,DIMANCHE,94
V008,19-10-2020,LUNDI,104
V008,20-10-2020,MARDI,110
V008,21-10-2020,MERCREDI,108
V009,15-10-2020,JEUDI,125
V009,16-10-2020,VENDREDI,129
V009,17-10-2020,SAMEDI,116
V009,18-10-2020,DIMANCHE,103
V009,19-10-2020,LUNDI,120
V009,20-10-2020,MARDI,125
V009,21-10-2020,MERCREDI,125
V010,15-10-2020,JEUDI,252
V010,16-10-2020,VENDREDI,275
V010,17-10-2020,SAMEDI,262
V010,18-10-2020,DIMANCHE,243
V010,19-10-2020,LUNDI,243
V010,20-10-2020,MARDI,251
V010,21-10-2020,MERCREDI,251
V012,15-10-2020,JEUDI,126
V012,16-10-2020,VENDREDI,138
V012,17-10-2020,SAMEDI,138
V012,18-10-2020,DIMANCHE,125
V012,19-10-2020,LUNDI,121
V012,20-10-2020,MARDI,125
V012,21-10-2020,MERCREDI,124
V013,15-10-2020,JEUDI,255
V013,16-10-2020,VENDREDI,269
V013,17-10-2020,SAMEDI,265
V013,18-10-2020,DIMANCHE,247
V013,19-10-2020,LUNDI,251
V013,20-10-2020,MARDI,254
V013,21-10-2020,MERCREDI,253
V018,15-10-2020,JEUDI,151
V018,16-10-2020,VENDREDI,164
V018,17-10-2020,SAMEDI,159
V018,18-10-2020,DIMANCHE,143
V018,19-10-2020,LUNDI,147
V018,20-10-2020,MARDI,154
V018,21-10-2020,MERCREDI,156
V021,15-10-2020,JEUDI,162
V021,16-10-2020,VENDREDI,182
V021,17-10-2020,SAMEDI,174
V021,18-10-2020,DIMANCHE,158
V021,19-10-2020,LUNDI,159
V021,20-10-2020,MARDI,160
V021,21-10-2020,MERCREDI,160
V022,15-10-2020,JEUDI,156
V022,16-10-2020,VENDREDI,176
V022,17-10-2020,SAMEDI,176
V022,18-10-2020,DIMANCHE,168
V022,19-10-2020,LUNDI,154
V022,20-10-2020,MARDI,156
V022,21-10-2020,MERCREDI,157
V023,15-10-2020,JEUDI,252
V023,16-10-2020,VENDREDI,257
V023,17-10-2020,SAMEDI,245
V023,18-10-2020,DIMANCHE,232
V023,19-10-2020,LUNDI,242
V023,20-10-2020,MARDI,251
V023,21-10-2020,MERCREDI,251
V024,15-10-2020,JEUDI,260
V024,16-10-2020,VENDREDI,269
V024,17-10-2020,SAMEDI,258
V024,18-10-2020,DIMANCHE,238
V024,19-10-2020,LUNDI,250
V024,20-10-2020,MARDI,257
V024,21-10-2020,MERCREDI,258
V025,15-10-2020,JEUDI,80
V025,16-10-2020,VENDREDI,83
V025,17-10-2020,SAMEDI,83
V025,18-10-2020,DIMANCHE,76
V025,19-10-2020,LUNDI,77
V025,20-10-2020,MARDI,79
V025,21-10-2020,MERCREDI,79
V026,15-10-2020,JEUDI,165
V026,16-10-2020,VENDREDI,182
V026,17-10-2020,SAMEDI,176
V026,18-10-2020,DIMANCHE,163
V026,19-10-2020,LUNDI,160
V026,20-10-2020,MARDI,162
V026,21-10-2020,MERCREDI,162
V029,15-10-2020,JEUDI,157
V029,16-10-2020,VENDREDI,165
V029,17-10-2020,SAMEDI,162
V029,18-10-2020,DIMANCHE,155
V029,19-10-2020,LUNDI,156
V029,20-10-2020,MARDI,156
V029,21-10-2020,MERCREDI,156
V030,15-10-2020,JEUDI,168
V030,16-10-2020,VENDREDI,176
V030,17-10-2020,SAMEDI,169
V030,18-10-2020,DIMANCHE,158
V030,19-10-2020,LUNDI,165
V030,20-10-2020,MARDI,167
V030,21-10-2020,MERCREDI,167
V031,15-10-2020,JEUDI,305
V031,16-10-2020,VENDREDI,322
V031,17-10-2020,SAMEDI,305
V031,18-10-2020,DIMANCHE,280
V031,19-10-2020,LUNDI,292
V031,20-10-2020,MARDI,303
V031,21-10-2020,MERCREDI,302
V034,15-10-2020,JEUDI,114
V034,16-10-2020,VENDREDI,116
V034,17-10-2020,SAMEDI,110
V034,18-10-2020,DIMANCHE,95
V034,19-10-2020,LUNDI,109
V034,20-10-2020,MARDI,113
V034,21-10-2020,MERCREDI,113
V036,15-10-2020,JEUDI,139
V036,16-10-2020,VENDREDI,144
V036,17-10-2020,SAMEDI,134
V036,18-10-2020,DIMANCHE,123
V036,19-10-2020,LUNDI,137
V036,20-10-2020,MARDI,138
V036,21-10-2020,MERCREDI,138
V037,15-10-2020,JEUDI,226
V037,16-10-2020,VENDREDI,232
V037,17-10-2020,SAMEDI,223
V037,18-10-2020,DIMANCHE,214
V037,19-10-2020,LUNDI,222
V037,20-10-2020,MARDI,225
V037,21-10-2020,MERCREDI,225
V040,15-10-2020,JEUDI,141
V040,16-10-2020,VENDREDI,143
V040,17-10-2020,SAMEDI,141
V040,18-10-2020,DIMANCHE,134
V040,19-10-2020,LUNDI,139
V040,20-10-2020,MARDI,141
V040,21-10-2020,MERCREDI,141
V041,15-10-2020,JEUDI,163
V041,16-10-2020,VENDREDI,174
V041,17-10-2020,SAMEDI,172
V041,18-10-2020,DIMANCHE,167
V041,19-10-2020,LUNDI,161
V041,20-10-2020,MARDI,162
V041,21-10-2020,MERCREDI,163
V042,15-10-2020,JEUDI,236
V042,16-10-2020,VENDREDI,267
V042,17-10-2020,SAMEDI,262
V042,18-10-2020,DIMANCHE,241
V042,19-10-2020,LUNDI,227
V042,20-10-2020,MARDI,236
V042,21-10-2020,MERCREDI,236
V045,15-10-2020,JEUDI,93
V045,16-10-2020,VENDREDI,94
V045,17-10-2020,SAMEDI,94
V045,18-10-2020,DIMANCHE,91
V045,19-10-2020,LUNDI,92
V045,20-10-2020,MARDI,92
V045,21-10-2020,MERCREDI,92
V046,15-10-2020,JEUDI,256
V046,16-10-2020,VENDREDI,265
V046,17-10-2020,SAMEDI,256
V046,18-10-2020,DIMANCHE,248
V046,19-10-2020,LUNDI,256
V046,20-10-2020,MARDI,257
V046,21-10-2020,MERCREDI,256
V048,15-10-2020,JEUDI,136
V048,16-10-2020,VENDREDI,159
V048,17-10-2020,SAMEDI,152
V048,18-10-2020,DIMANCHE,143
V048,19-10-2020,LUNDI,138
V048,20-10-2020,MARDI,138
V048,21-10-2020,MERCREDI,138
V049,15-10-2020,JEUDI,246
V049,16-10-2020,VENDREDI,270
V049,17-10-2020,SAMEDI,255
V049,18-10-2020,DIMANCHE,244
V049,19-10-2020,LUNDI,247
V049,20-10-2020,MARDI,250
V049,21-10-2020,MERCREDI,251
V050,15-10-2020,JEUDI,105
V050,16-10-2020,VENDREDI,117
V050,17-10-2020,SAMEDI,116
V050,18-10-2020,DIMANCHE,109
V050,19-10-2020,LUNDI,96
V050,20-10-2020,MARDI,103
V050,21-10-2020,MERCREDI,103
V051,15-10-2020,JEUDI,216
V051,16-10-2020,VENDREDI,235
V051,17-10-2020,SAMEDI,239
V051,18-10-2020,DIMANCHE,221
V051,19-10-2020,LUNDI,212
V051,20-10-2020,MARDI,218
V051,21-10-2020,MERCREDI,219
V052,15-10-2020,JEUDI,242
V052,16-10-2020,VENDREDI,246
V052,17-10-2020,SAMEDI,235
V052,18-10-2020,DIMANCHE,220
V052,19-10-2020,LUNDI,241
V052,20-10-2020,MARDI,246
V052,21-10-2020,MERCREDI,246
V055,15-10-2020,JEUDI,268
V055,16-10-2020,VENDREDI,280
V055,17-10-2020,SAMEDI,276
V055,18-10-2020,DIMANCHE,260
V055,19-10-2020,LUNDI,265
V055,20-10-2020,MARDI,268
V055,21-10-2020,MERCREDI,268
V058,15-10-2020,JEUDI,138
V058,16-10-2020,VENDREDI,146
V058,17-10-2020,SAMEDI,145
V058,18-10-2020,DIMANCHE,135
V058,19-10-2020,LUNDI,136
V058,20-10-2020,MARDI,138
V058,21-10-2020,MERCREDI,138
V059,15-10-2020,JEUDI,82
V059,16-10-2020,VENDREDI,89
V059,17-10-2020,SAMEDI,87
V059,18-10-2020,DIMANCHE,86
V059,19-10-2020,LUNDI,82
V059,20-10-2020,MARDI,83
V059,21-10-2020,MERCREDI,83
V063,15-10-2020,JEUDI,277
V063,16-10-2020,VENDREDI,294
V063,17-10-2020,SAMEDI,288
V063,18-10-2020,DIMANCHE,269
V063,19-10-2020,LUNDI,273
V063,20-10-2020,MARDI,277
V063,21-10-2020,MERCREDI,277
V065,15-10-2020,JEUDI,160
V065,16-10-2020,VENDREDI,175
V065,17-10-2020,SAMEDI,153
V065,18-10-2020,DIMANCHE,119
V065,19-10-2020,LUNDI,154
V065,20-10-2020,MARDI,162
V065,21-10-2020,MERCREDI,162
V067,15-10-2020,JEUDI,234
V067,16-10-2020,VENDREDI,241
V067,17-10-2020,SAMEDI,233
V067,18-10-2020,DIMANCHE,220
V067,19-10-2020,LUNDI,231
V067,20-10-2020,MARDI,235
V067,21-10-2020,MERCREDI,234
V076,15-10-2020,JEUDI,87
V076,16-10-2020,VENDREDI,95
V076,17-10-2020,SAMEDI,96
V076,18-10-2020,DIMANCHE,93
V076,19-10-2020,LUNDI,86
V076,20-10-2020,MARDI,88
V076,21-10-2020,MERCREDI,88
V080,15-10-2020,JEUDI,313
V080,16-10-2020,VENDREDI,325
V080,17-10-2020,SAMEDI,303
V080,18-10-2020,DIMANCHE,287
V080,19-10-2020,LUNDI,307
V080,20-10-2020,MARDI,311
V080,21-10-2020,MERCREDI,311
V089,15-10-2020,JEUDI,56
V089,16-10-2020,VENDREDI,59
V089,17-10-2020,SAMEDI,54
V089,18-10-2020,DIMANCHE,47
V089,19-10-2020,LUNDI,55
V089,20-10-2020,MARDI,56
V089,21-10-2020,MERCREDI,56
V097,15-10-2020,JEUDI,122
V097,16-10-2020,VENDREDI,128
V097,17-10-2020,SAMEDI,131
V097,18-10-2020,DIMANCHE,123
V097,19-10-2020,LUNDI,120
V097,20-10-2020,MARDI,123
V097,21-10-2020,MERCREDI,123
V098,15-10-2020,JEUDI,255
V098,16-10-2020,VENDREDI,260
V098,17-10-2020,SAMEDI,264
V098,18-10-2020,DIMANCHE,242
V098,19-10-2020,LUNDI,253
V098,20-10-2020,MARDI,254
V098,21-10-2020,MERCREDI,255
V099,15-10-2020,JEUDI,168
V099,16-10-2020,VENDREDI,199
V099,17-10-2020,SAMEDI,193
V099,18-10-2020,DIMANCHE,177
V099,19-10-2020,LUNDI,161
V099,20-10-2020,MARDI,167
V099,21-10-2020,MERCREDI,167
V103,15-10-2020,JEUDI,137
V103,16-10-2020,VENDREDI,150
V103,17-10-2020,SAMEDI,150
V103,18-10-2020,DIMANCHE,143
V103,19-10-2020,LUNDI,135
V103,20-10-2020,MARDI,136
V103,21-10-2020,MERCREDI,136
V104,15-10-2020,JEUDI,93
V104,16-10-2020,VENDREDI,98
V104,17-10-2020,SAMEDI,92
V104,18-10-2020,DIMANCHE,83
V104,19-10-2020,LUNDI,92
V104,20-10-2020,MARDI,93
V104,21-10-2020,MERCREDI,93
V105,15-10-2020,JEUDI,102
V105,16-10-2020,VENDREDI,108
V105,17-10-2020,SAMEDI,105
V105,18-10-2020,DIMANCHE,93
V105,19-10-2020,LUNDI,97
V105,20-10-2020,MARDI,99
V105,21-10-2020,MERCREDI,99
V106,15-10-2020,JEUDI,217
V106,16-10-2020,VENDREDI,246
V106,17-10-2020,SAMEDI,231
V106,18-10-2020,DIMANCHE,221
V106,19-10-2020,LUNDI,213
V106,20-10-2020,MARDI,214
V106,21-10-2020,MERCREDI,213
V107,15-10-2020,JEUDI,50
V107,16-10-2020,VENDREDI,56
V107,17-10-2020,SAMEDI,55
V107,18-10-2020,DIMANCHE,48
V107,19-10-2020,LUNDI,51
V107,20-10-2020,MARDI,51
V107,21-10-2020,MERCREDI,51
V108,15-10-2020,JEUDI,260
V108,16-10-2020,VENDREDI,294
V108,17-10-2020,SAMEDI,292
V108,18-10-2020,DIMANCHE,281
V108,19-10-2020,LUNDI,262
V108,20-10-2020,MARDI,266
V108,21-10-2020,MERCREDI,266
V109,15-10-2020,JEUDI,148
V109,16-10-2020,VENDREDI,152
V109,17-10-2020,SAMEDI,154
V109,18-10-2020,DIMANCHE,145
V109,19-10-2020,LUNDI,147
V109,20-10-2020,MARDI,149
V109,21-10-2020,MERCREDI,149
V110,15-10-2020,JEUDI,194
V110,16-10-2020,VENDREDI,214
V110,17-10-2020,SAMEDI,207
V110,18-10-2020,DIMANCHE,198
V110,19-10-2020,LUNDI,192
V110,20-10-2020,MARDI,195
V110,21-10-2020,MERCREDI,195
V112,15-10-2020,JEUDI,196
V112,16-10-2020,VENDREDI,202
V112,17-10-2020,SAMEDI,197
V112,18-10-2020,DIMANCHE,173
V112,19-10-2020,LUNDI,191
V112,20-10-2020,MARDI,195
V112,21-10-2020,MERCREDI,195
V113,15-10-2020,JEUDI,151
V113,16-10-2020,VENDREDI,175
V113,17-10-2020,SAMEDI,173
V113,18-10-2020,DIMANCHE,165
V113,19-10-2020,LUNDI,152
V113,20-10-2020,MARDI,151
V113,21-10-2020,MERCREDI,151
V116,15-10-2020,JEUDI,220
V116,16-10-2020,VENDREDI,232
V116,17-10-2020,SAMEDI,229
V116,18-10-2020,DIMANCHE,215
V116,19-10-2020,LUNDI,218
V116,20-10-2020,MARDI,221
V116,21-10-2020,MERCREDI,220
V117,15-10-2020,JEUDI,165
V117,16-10-2020,VENDREDI,174
V117,17-10-2020,SAMEDI,170
V117,18-10-2020,DIMANCHE,157
V117,19-10-2020,LUNDI,158
V117,20-10-2020,MARDI,164
V117,21-10-2020,MERCREDI,164
V119,15-10-2020,JEUDI,134
V119,16-10-2020,VENDREDI,143
V119,17-10-2020,SAMEDI,136
V119,18-10-2020,DIMANCHE,123
V119,19-10-2020,LUNDI,129
V119,20-10-2020,MARDI,132
V119,21-10-2020,MERCREDI,132
V120,15-10-2020,JEUDI,110
V120,16-10-2020,VENDREDI,116
V120,17-10-2020,SAMEDI,119
V120,18-10-2020,DIMANCHE,112
V120,19-10-2020,LUNDI,109
V120,20-10-2020,MARDI,110
V120,21-10-2020,MERCREDI,111
V121,15-10-2020,JEUDI,168
V121,16-10-2020,VENDREDI,170
V121,17-10-2020,SAMEDI,164
V121,18-10-2020,DIMANCHE,156
V121,19-10-2020,LUNDI,165
V121,20-10-2020,MARDI,164
V121,21-10-2020,MERCREDI,164
V122,15-10-2020,JEUDI,185
V122,16-10-2020,VENDREDI,194
V122,17-10-2020,SAMEDI,187
V122,18-10-2020,DIMANCHE,169
V122,19-10-2020,LUNDI,180
V122,20-10-2020,MARDI,184
V122,21-10-2020,MERCREDI,184
V123,15-10-2020,JEUDI,39
V123,16-10-2020,VENDREDI,40
V123,17-10-2020,SAMEDI,41
V123,18-10-2020,DIMANCHE,38
V123,19-10-2020,LUNDI,38
V123,20-10-2020,MARDI,38
V123,21-10-2020,MERCREDI,38
V125,15-10-2020,JEUDI,155
V125,16-10-2020,VENDREDI,165
V125,17-10-2020,SAMEDI,170
V125,18-10-2020,DIMANCHE,159
V125,19-10-2020,LUNDI,151
V125,20-10-2020,MARDI,154
V125,21-10-2020,MERCREDI,154
V126,15-10-2020,JEUDI,161
V126,16-10-2020,VENDREDI,176
V126,17-10-2020,SAMEDI,172
V126,18-10-2020,DIMANCHE,160
V126,19-10-2020,LUNDI,156
V126,20-10-2020,MARDI,159
V126,21-10-2020,MERCREDI,158
V127,15-10-2020,JEUDI,151
V127,16-10-2020,VENDREDI,160
V127,17-10-2020,SAMEDI,159
V127,18-10-2020,DIMANCHE,156
V127,19-10-2020,LUNDI,148
V127,20-10-2020,MARDI,149
V127,21-10-2020,MERCREDI,149
V128,15-10-2020,JEUDI,202
V128,16-10-2020,VENDREDI,216
V128,17-10-2020,SAMEDI,214
V128,18-10-2020,DIMANCHE,205
V128,19-10-2020,LUNDI,202
V128,20-10-2020,MARDI,205
V128,21-10-2020,MERCREDI,207
V130,15-10-2020,JEUDI,59
V130,16-10-2020,VENDREDI,65
V130,17-10-2020,SAMEDI,63
V130,18-10-2020,DIMANCHE,60
V130,19-10-2020,LUNDI,59
V130,20-10-2020,MARDI,60
V130,21-10-2020,MERCREDI,60
V131,15-10-2020,JEUDI,89
V131,16-10-2020,VENDREDI,96
V131,17-10-2020,SAMEDI,88
V131,18-10-2020,DIMANCHE,79
V131,19-10-2020,LUNDI,89
V131,20-10-2020,MARDI,90
V131,21-10-2020,MERCREDI,89
V133,15-10-2020,JEUDI,130
V133,16-10-2020,VENDREDI,134
V133,17-10-2020,SAMEDI,131
V133,18-10-2020,DIMANCHE,124
V133,19-10-2020,LUNDI,125
V133,20-10-2020,MARDI,130
V133,21-10-2020,MERCREDI,130
V144,15-10-2020,JEUDI,169
V144,16-10-2020,VENDREDI,193
V144,17-10-2020,SAMEDI,195
V144,18-10-2020,DIMANCHE,180
V144,19-10-2020,LUNDI,166
V144,20-10-2020,MARDI,168
V144,21-10-2020,MERCREDI,168
V145,15-10-2020,JEUDI,204
V145,16-10-2020,VENDREDI,214
V145,17-10-2020,SAMEDI,207
V145,18-10-2020,DIMANCHE,196
V145,19-10-2020,LUNDI,200
V145,20-10-2020,MARDI,200
V145,21-10-2020,MERCREDI,200
V147,15-10-2020,JEUDI,175
V147,16-10-2020,VENDREDI,182
V147,17-10-2020,SAMEDI,170
V147,18-10-2020,DIMANCHE,164
V147,19-10-2020,LUNDI,175
V147,20-10-2020,MARDI,176
V147,21-10-2020,MERCREDI,176
V148,15-10-2020,JEUDI,230
V148,16-10-2020,VENDREDI,238
V148,17-10-2020,SAMEDI,227
V148,18-10-2020,DIMANCHE,209
V148,19-10-2020,LUNDI,229
V148,20-10-2020,MARDI,231
V148,21-10-2020,MERCREDI,227
V150,15-10-2020,JEUDI,129
V150,16-10-2020,VENDREDI,135
V150,17-10-2020,SAMEDI,127
V150,18-10-2020,DIMANCHE,111
V150,19-10-2020,LUNDI,125
V150,20-10-2020,MARDI,128
V150,21-10-2020,MERCREDI,128
V151,15-10-2020,JEUDI,206
V151,16-10-2020,VENDREDI,228
V151,17-10-2020,SAMEDI,220
V151,18-10-2020,DIMANCHE,202
V151,19-10-2020,LUNDI,201
V151,20-10-2020,MARDI,204
V151,21-10-2020,MERCREDI,204
V155,15-10-2020,JEUDI,320
V155,16-10-2020,VENDREDI,370
V155,17-10-2020,SAMEDI,371
V155,18-10-2020,DIMANCHE,349
V155,19-10-2020,LUNDI,311
V155,20-10-2020,MARDI,321
V155,21-10-2020,MERCREDI,321
V156,15-10-2020,JEUDI,8
V156,16-10-2020,VENDREDI,14
V156,17-10-2020,SAMEDI,14
V156,18-10-2020,DIMANCHE,12
V156,19-10-2020,LUNDI,9
V156,20-10-2020,MARDI,9
V156,21-10-2020,MERCREDI,9
V158,15-10-2020,JEUDI,149
V158,16-10-2020,VENDREDI,153
V158,17-10-2020,SAMEDI,148
V158,18-10-2020,DIMANCHE,137
V158,19-10-2020,LUNDI,143
V158,20-10-2020,MARDI,149
V158,21-10-2020,MERCREDI,149
V160,15-10-2020,JEUDI,182
V160,16-10-2020,VENDREDI,196
V160,17-10-2020,SAMEDI,190
V160,18-10-2020,DIMANCHE,176
V160,19-10-2020,LUNDI,179
V160,20-10-2020,MARDI,180
V160,21-10-2020,MERCREDI,181
V161,15-10-2020,JEUDI,130
V161,16-10-2020,VENDREDI,143
V161,17-10-2020,SAMEDI,133
V161,18-10-2020,DIMANCHE,123
V161,19-10-2020,LUNDI,127
V161,20-10-2020,MARDI,129
V161,21-10-2020,MERCREDI,129
V163,15-10-2020,JEUDI,82
V163,16-10-2020,VENDREDI,82
V163,17-10-2020,SAMEDI,79
V163,18-10-2020,DIMANCHE,72
V163,19-10-2020,LUNDI,79
V163,20-10-2020,MARDI,82
V163,21-10-2020,MERCREDI,81
V164,15-10-2020,JEUDI,120
V164,16-10-2020,VENDREDI,130
V164,17-10-2020,SAMEDI,132
V164,18-10-2020,DIMANCHE,131
V164,19-10-2020,LUNDI,121
V164,20-10-2020,MARDI,122
V164,21-10-2020,MERCREDI,122
V165,15-10-2020,JEUDI,158
V165,16-10-2020,VENDREDI,174
V165,17-10-2020,SAMEDI,174
V165,18-10-2020,DIMANCHE,161
V165,19-10-2020,LUNDI,155
V165,20-10-2020,MARDI,157
V165,21-10-2020,MERCREDI,157
V166,15-10-2020,JEUDI,38
V166,16-10-2020,VENDREDI,44
V166,17-10-2020,SAMEDI,44
V166,18-10-2020,DIMANCHE,36
V166,19-10-2020,LUNDI,35
V166,20-10-2020,MARDI,37
V166,21-10-2020,MERCREDI,37
V167,15-10-2020,JEUDI,60
V167,16-10-2020,VENDREDI,60
V167,17-10-2020,SAMEDI,54
V167,18-10-2020,DIMANCHE,51
V167,19-10-2020,LUNDI,59
V167,20-10-2020,MARDI,59
V167,21-10-2020,MERCREDI,60
V168,15-10-2020,JEUDI,105
V168,16-10-2020,VENDREDI,118
V168,17-10-2020,SAMEDI,115
V168,18-10-2020,DIMANCHE,111
V168,19-10-2020,LUNDI,104
V168,20-10-2020,MARDI,104
V168,21-10-2020,MERCREDI,104
V169,15-10-2020,JEUDI,119
V169,16-10-2020,VENDREDI,126
V169,17-10-2020,SAMEDI,124
V169,18-10-2020,DIMANCHE,114
V169,19-10-2020,LUNDI,118
V169,20-10-2020,MARDI,118
V169,21-10-2020,MERCREDI,117
V170,15-10-2020,JEUDI,96
V170,16-10-2020,VENDREDI,101
V170,17-10-2020,SAMEDI,103
V170,18-10-2020,DIMANCHE,101
V170,19-10-2020,LUNDI,96
V170,20-10-2020,MARDI,96
V170,21-10-2020,MERCREDI,96
V171,15-10-2020,JEUDI,113
V171,16-10-2020,VENDREDI,119
V171,17-10-2020,SAMEDI,118
V171,18-10-2020,DIMANCHE,112
V171,19-10-2020,LUNDI,110
V171,20-10-2020,MARDI,113
V171,21-10-2020,MERCREDI,113
V172,15-10-2020,JEUDI,172
V172,16-10-2020,VENDREDI,179
V172,17-10-2020,SAMEDI,179
V172,18-10-2020,DIMANCHE,170
V172,19-10-2020,LUNDI,170
V172,20-10-2020,MARDI,170
V172,21-10-2020,MERCREDI,170
V173,15-10-2020,JEUDI,119
V173,16-10-2020,VENDREDI,124
V173,17-10-2020,SAMEDI,124
V173,18-10-2020,DIMANCHE,110
V173,19-10-2020,LUNDI,115
V173,20-10-2020,MARDI,119
V173,21-10-2020,MERCREDI,119
V174,15-10-2020,JEUDI,144
V174,16-10-2020,VENDREDI,156
V174,17-10-2020,SAMEDI,154
V174,18-10-2020,DIMANCHE,142
V174,19-10-2020,LUNDI,142
V174,20-10-2020,MARDI,144
V174,21-10-2020,MERCREDI,144
V175,15-10-2020,JEUDI,116
V175,16-10-2020,VENDREDI,125
V175,17-10-2020,SAMEDI,125
V175,18-10-2020,DIMANCHE,120
V175,19-10-2020,LUNDI,115
V175,20-10-2020,MARDI,116
V175,21-10-2020,MERCREDI,116
V176,15-10-2020,JEUDI,116
V176,16-10-2020,VENDREDI,133
V176,17-10-2020,SAMEDI,131
V176,18-10-2020,DIMANCHE,123
V176,19-10-2020,LUNDI,115
V176,20-10-2020,MARDI,115
V176,21-10-2020,MERCREDI,116
V177,15-10-2020,JEUDI,94
V177,16-10-2020,VENDREDI,100
V177,17-10-2020,SAMEDI,96
V177,18-10-2020,DIMANCHE,90
V177,19-10-2020,LUNDI,93
V177,20-10-2020,MARDI,95
V177,21-10-2020,MERCREDI,95
V178,15-10-2020,JEUDI,125
V178,16-10-2020,VENDREDI,130
V178,17-10-2020,SAMEDI,125
V178,18-10-2020,DIMANCHE,118
V178,19-10-2020,LUNDI,125
V178,20-10-2020,MARDI,127
V178,21-10-2020,MERCREDI,127
V179,15-10-2020,JEUDI,128
V179,16-10-2020,VENDREDI,138
V179,17-10-2020,SAMEDI,132
V179,18-10-2020,DIMANCHE,119
V179,19-10-2020,LUNDI,125
V179,20-10-2020,MARDI,127
V179,21-10-2020,MERCREDI,127
V180,15-10-2020,JEUDI,141
V180,16-10-2020,VENDREDI,164
V180,17-10-2020,SAMEDI,151
V180,18-10-2020,DIMANCHE,134
V180,19-10-2020,LUNDI,136
V180,20-10-2020,MARDI,139
V180,21-10-2020,MERCREDI,139
V181,15-10-2020,JEUDI,119
V181,16-10-2020,VENDREDI,125
V181,17-10-2020,SAMEDI,126
V181,18-10-2020,DIMANCHE,120
V181,19-10-2020,LUNDI,114
V181,20-10-2020,MARDI,119
V181,21-10-2020,MERCREDI,119
V182,15-10-2020,JEUDI,120
V182,16-10-2020,VENDREDI,126
V182,17-10-2020,SAMEDI,124
V182,18-10-2020,DIMANCHE,121
V182,19-10-2020,LUNDI,117
V182,20-10-2020,MARDI,120
V182,21-10-2020,MERCREDI,121
V183,15-10-2020,JEUDI,158
V183,16-10-2020,VENDREDI,170
V183,17-10-2020,SAMEDI,162
V183,18-10-2020,DIMANCHE,150
V183,19-10-2020,LUNDI,151
V183,20-10-2020,MARDI,155
V183,21-10-2020,MERCREDI,155
V184,15-10-2020,JEUDI,148
V184,16-10-2020,VENDREDI,163
V184,17-10-2020,SAMEDI,165
V184,18-10-2020,DIMANCHE,150
V184,19-10-2020,LUNDI,146
V184,20-10-2020,MARDI,150
V184,21-10-2020,MERCREDI,150
V185,15-10-2020,JEUDI,132
V185,16-10-2020,VENDREDI,149
V185,17-10-2020,SAMEDI,146
V185,18-10-2020,DIMANCHE,140
V185,19-10-2020,LUNDI,130
V185,20-10-2020,MARDI,135
V185,21-10-2020,MERCREDI,135
V186,15-10-2020,JEUDI,138
V186,16-10-2020,VENDREDI,147
V186,17-10-2020,SAMEDI,153
V186,18-10-2020,DIMANCHE,149
V186,19-10-2020,LUNDI,135
V186,20-10-2020,MARDI,137
V186,21-10-2020,MERCREDI,136
V187,15-10-2020,JEUDI,86
V187,16-10-2020,VENDREDI,94
V187,17-10-2020,SAMEDI,93
V187,18-10-2020,DIMANCHE,91
V187,19-10-2020,LUNDI,84
V187,20-10-2020,MARDI,86
V187,21-10-2020,MERCREDI,86
V188,15-10-2020,JEUDI,127
V188,16-10-2020,VENDREDI,132
V188,17-10-2020,SAMEDI,128
V188,18-10-2020,DIMANCHE,121
V188,19-10-2020,LUNDI,121
V188,20-10-2020,MARDI,126
V188,21-10-2020,MERCREDI,126
V189,15-10-2020,JEUDI,159
V189,16-10-2020,VENDREDI,166
V189,17-10-2020,SAMEDI,150
V189,18-10-2020,DIMANCHE,138
V189,19-10-2020,LUNDI,157
V189,20-10-2020,MARDI,158
V189,21-10-2020,MERCREDI,157
V190,15-10-2020,JEUDI,123
V190,16-10-2020,VENDREDI,132
V190,17-10-2020,SAMEDI,127
V190,18-10-2020,DIMANCHE,117
V190,19-10-2020,LUNDI,118
V190,20-10-2020,MARDI,122
V190,21-10-2020,MERCREDI,122
V191,15-10-2020,JEUDI,112
V191,16-10-2020,VENDREDI,114
V191,17-10-2020,SAMEDI,114
V191,18-10-2020,DIMANCHE,112
V191,19-10-2020,LUNDI,112
V191,20-10-2020,MARDI,112
V191,21-10-2020,MERCREDI,112
V192,15-10-2020,JEUDI,101
V192,16-10-2020,VENDREDI,111
V192,17-10-2020,SAMEDI,106
V192,18-10-2020,DIMANCHE,90
V192,19-10-2020,LUNDI,99
V192,20-10-2020,MARDI,101
V192,21-10-2020,MERCREDI,101
V193,15-10-2020,JEUDI,114
V193,16-10-2020,VENDREDI,116
V193,17-10-2020,SAMEDI,110
V193,18-10-2020,DIMANCHE,94
V193,19-10-2020,LUNDI,112
V193,20-10-2020,MARDI,114
V193,21-10-2020,MERCREDI,114
V194,15-10-2020,JEUDI,60
V194,16-10-2020,VENDREDI,61
V194,17-10-2020,SAMEDI,62
V194,18-10-2020,DIMANCHE,63
V194,19-10-2020,LUNDI,61
V194,20-10-2020,MARDI,61
V194,21-10-2020,MERCREDI,61
V195,15-10-2020,JEUDI,75
V195,16-10-2020,VENDREDI,77
V195,17-10-2020,SAMEDI,76
V195,18-10-2020,DIMANCHE,75
V195,19-10-2020,LUNDI,72
V195,20-10-2020,MARDI,72
V195,21-10-2020,MERCREDI,71
V196,15-10-2020,JEUDI,112
V196,16-10-2020,VENDREDI,120
V196,17-10-2020,SAMEDI,120
V196,18-10-2020,DIMANCHE,114
V196,19-10-2020,LUNDI,110
V196,20-10-2020,MARDI,111
V196,21-10-2020,MERCREDI,110
V197,15-10-2020,JEUDI,128
V197,16-10-2020,VENDREDI,136
V197,17-10-2020,SAMEDI,128
V197,18-10-2020,DIMANCHE,119
V197,19-10-2020,LUNDI,126
V197,20-10-2020,MARDI,127
V197,21-10-2020,MERCREDI,126